Source,Name,Website,Logo,Location,Categories,Linkedin,Instagram,Facebook,"X (formerly Twitter)",Pinterest,TikTok,Youtube
avob.org.au,3CIR,http://www.3cir.com,https://assets-global.website-files.com/5f83a88d16bd793d14c12eff/5f83aa8d8f3dbacb9e420e52_3CIR.png,"Professional Services",Queensland,https://www.linkedin.com/company/3cir/,https://www.instagram.com/3cir1/,https://www.facebook.com/3CIR1/,https://twitter.com/3CIR1,,,
avob.org.au,"3ME Technology",,https://assets-global.website-files.com/5f83a88d16bd793d14c12eff/5f83ab66d32656d10c0a7ded_3ME.png,Tech,"New South Wales",,,,,,,
avob.org.au,"AC Fitouts",https://acfitouts.com.au/,https://assets-global.website-files.com/5f83a88d16bd793d14c12eff/60ed958aa79d3baf21053ef1_AC%20Square.jpg,"Professional Services",Queensland,,https://www.instagram.com/acfitouts/,https://www.facebook.com/acfitouts/,https://twitter.com/acfitouts,,,
avob.org.au,"AEGIR Marine",http://www.aegirmarine.com.au,https://assets-global.website-files.com/5f83a88d16bd793d14c12eff/5f83abd1facc3a25765970ce_aegir.png,"Professional Services","All States",https://www.linkedin.com/company/4805595,,https://www.facebook.com/aegirmarineaustralia,https://twitter.com/AEGIR_M_Survey,,,
avob.org.au,"AG Digital Consultants",https://agdigital.com.au/,https://assets-global.website-files.com/5f83a88d16bd793d14c12eff/636fab02bc563c2567462beb_AG%20Digital%20Square.jpg,"Professional Services",Queensland,https://www.linkedin.com/company/agdigitalconsultants/,,https://www.facebook.com/agdigitalconsultants,,,,
avob.org.au,AKRYPT,https://www.akryptstore.com/,https://assets-global.website-files.com/5f83a88d16bd793d14c12eff/65afd908231c0f6b11695ea3_Akrypt%20Square.jpg,Tech,"New South Wales",,https://www.instagram.com/akryptstore/,https://www.facebook.com/people/AKRYPT/100086701953079/,,,,
avob.org.au,"ANSIC Security",https://www.ansic.com.au/,https://assets-global.website-files.com/5f83a88d16bd793d14c12eff/5f83ff9502b84438d52eb595_ANSICLogoSmall.png,"Professional Services",Queensland,https://www.linkedin.com/company/ansic/,https://www.instagram.com/ansicsecurity/,https://www.facebook.com/ansicsec,,,,
avob.org.au,"ARC Armament",,https://assets-global.website-files.com/5f83a88d16bd793d14c12eff/62d5fad9ac78b648acb8c4c6_Arc%20Square.jpg,Tactical,Victoria,,,https://www.facebook.com/ARC-Armament-Pty-Ltd-204734428256937,,,,
avob.org.au,"AW Mobile Detailing",https://awmobiledetailing.com/,https://assets-global.website-files.com/5f83a88d16bd793d14c12eff/64f8bc76f7e4c1cd121f3a41_AW%20Square.jpg,"Professional Services",Queensland,,https://www.instagram.com/awmobile_detailing,https://www.facebook.com/people/AW-Mobile-Detailing/100094000986498/?mibextid=2JQ9oc,,,,
avob.org.au,"Aces Plus Finance",,https://assets-global.website-files.com/5f83a88d16bd793d14c12eff/604c17dd18319198d2667e56_Aces%20Square.jpg,"Professional Services",Queensland,,,,,,,
avob.org.au,"Actio Group",https://actiogroup.com.au/,https://assets-global.website-files.com/5f83a88d16bd793d14c12eff/63d92de94a25b175072400f9_Actio%20Square.jpg,"Professional Services","Northern Territory",,,,,,,
avob.org.au,"Actus Associates",http://www.actus.net.au/,https://assets-global.website-files.com/5f83a88d16bd793d14c12eff/65e62d1e1c87d2d7ba1acff6_Actus%20Square.jpg,"Professional Services","Western Australia",https://www.linkedin.com/company/actus-associates-pty-ltd/,https://www.instagram.com/actusassociates/,https://www.facebook.com/actusassociates/,,,,
avob.org.au,"Aerial Images Sunshine Coast",http://www.aerialimagessunshinecoast.com.au/,https://assets-global.website-files.com/5f83a88d16bd793d14c12eff/5f83ac0a44a1f62188762a75_Aerial.png,"Professional Services",Queensland,,,,,,,https://www.youtube.com/channel/UCG7BqxWrwVlINtsdPlW9ahg
avob.org.au,"Aimpoint RPL",https://www.aimpointrpl.com.au/,https://assets-global.website-files.com/5f83a88d16bd793d14c12eff/63d92eff9945e6575173e588_Aimpoint%20Square.jpg,"Professional Services","South Australia",,,https://www.facebook.com/aimpointrpl,,,,
avob.org.au,"Alacon Aero Pty Ltd",http://www.alaconaero.com.au,https://assets-global.website-files.com/5f83a88d16bd793d14c12eff/5f83fedbc4605868d4c14363_Alacon.png,"Professional Services","Australian Capital Territory",,,https://www.facebook.com/alaconaero/,,,,
avob.org.au,"Ale Mary Brewing Co",https://www.alemary.beer/,https://assets-global.website-files.com/5f83a88d16bd793d14c12eff/655b9ba070c75650e40b03c6_Ale%20Square.jpg,"Food or Beverage","Australian Capital Territory",,https://www.instagram.com/ale_mary_brewing_co,https://www.facebook.com/AleMaryBrewingCo,,,,
avob.org.au,"Alliance Leasing",https://www.allianceleasing.com.au/,https://assets-global.website-files.com/5f83a88d16bd793d14c12eff/5f83ff057c0a792e292c0e02_Alliance.png,"Professional Services","Australian Capital Territory",https://www.linkedin.com/company/alliance-leasing-australia/,https://www.instagram.com/allianceleasing_/,https://www.facebook.com/Allianceleasingau/,,,,https://www.youtube.com/watch?v=2YOQkNyepJc&amp;feature=youtu.be
avob.org.au,"Amptech Electrical",http://www.amptechelectrical.com.au/,https://assets-global.website-files.com/5f83a88d16bd793d14c12eff/5f83ff4371b1e8a63ea8c384_Amptech.png,"Professional Services",Queensland,https://www.linkedin.com/in/amptech-electrical-4bb67699/,https://www.instagram.com/AmptechElectrical/,https://www.facebook.com/AmptechElectrical,,,,
avob.org.au,"Analysed Clubs",https://analysedclubs.com/,https://assets-global.website-files.com/5f83a88d16bd793d14c12eff/65c4cdc37acc44d595982399_cb3cedd6-c8d5-49ed-8632-ee625f78dd2c.png,"Sports and Recreation",Victoria,,,,,,,
avob.org.au,"Andare Consulting Group",https://www.andareconsulting.com.au/,https://assets-global.website-files.com/5f83a88d16bd793d14c12eff/5f83ff7752384d24f8fff2ce_Andare.png,"Professional Services","Australian Capital Territory",,,,,,,
avob.org.au,"Praesidium Cyber",https://www.praesidiumcyber.com/,https://assets-global.website-files.com/5f83a88d16bd793d14c12eff/5f87f8d8d1c133b2e647814b_praesidium%20cyber.png,Tech,"Western Australia",https://www.linkedin.com/company/praesidium-cyber/,https://www.instagram.com/praesidiumcyber/,https://www.facebook.com/praesidiumcyber/,,,,
avob.org.au,"Pro Leaders Academy",https://proleaders.com.au/,https://assets-global.website-files.com/5f83a88d16bd793d14c12eff/635815e5f933544f9bfd84de_Pro%20Leaders%20Square.jpg,"Professional Services","All States",https://www.linkedin.com/company/proleadersacademy/,,https://www.facebook.com/proleadersacademy/,,,,
avob.org.au,"Property Development Concepts",https://www.pdconcept.com.au/,https://assets-global.website-files.com/5f83a88d16bd793d14c12eff/6441eab566b8f45f44b49e35_PDC%20Square.jpg,"Trades and Construction",Victoria,,,,,,,
avob.org.au,"Protecteur Services",http://www.protecteur.com.au/,https://assets-global.website-files.com/5f83a88d16bd793d14c12eff/65d28cd98384bfe18695b208_Protecteur%20Services.jpg,"Professional Services","New South Wales",,,,,,,
avob.org.au,Provocatus,https://www.theprovocatus.com/,https://assets-global.website-files.com/5f83a88d16bd793d14c12eff/60e59ce2fd3da1f201f63e03_Provocatus.png,"Health and Well-Being","All States",https://www.linkedin.com/company/provocatus/,,https://www.facebook.com/Provocatus-102195291989112,,,,
avob.org.au,"Puliyapang Pty Ltd",http://www.puliyapang.com.au/,https://assets-global.website-files.com/5f83a88d16bd793d14c12eff/5f87f8c8fa21cbab4b5ceba0_Puliyapang.png,"Professional Services","New South Wales",https://www.linkedin.com/company/puliyapang/,,,,,,
avob.org.au,Quattrofy,https://www.quattrofy.com/,https://assets-global.website-files.com/5f83a88d16bd793d14c12eff/5f87f8b5bbff7a47a82d2204_Quattrof.png,Apparel,Victoria,,https://www.instagram.com/quattrofy/,https://www.facebook.com/Quattrofy-513414182326139/,,,,
avob.org.au,RAInfidel,http://www.rainfidel.com/,https://assets-global.website-files.com/5f83a88d16bd793d14c12eff/5f87f889219ca4a85a8a4c17_rainfidel.png,Apparel,"All States",,http://instagram.com/rainfidel,https://www.facebook.com/rainfidel,,,,
avob.org.au,"RGC Aust",https://rgcagroup.com.au/,https://assets-global.website-files.com/5f83a88d16bd793d14c12eff/640b33d181d8850783f68eb9_RCG%20Square.jpg,"Professional Services","New South Wales",,,https://www.facebook.com/people/RGC-Aust-Pty-Ltd/100089618000647/,,,,
avob.org.au,"Red Group",https://red.gp/,https://assets-global.website-files.com/5f83a88d16bd793d14c12eff/627150eb0b4b5f4f8edc587c_Red%20Group%20Square.jpg,Tactical,"Australian Capital Territory",https://www.linkedin.com/company/red-gp/,,,,,,
avob.org.au,"Resilient HR Solutions",https://resilienthrsolutions.com.au/,https://assets-global.website-files.com/5f83a88d16bd793d14c12eff/63f3fe4676724b275308c3de_Resilient%20Square.jpg,"Professional Services",Queensland,,,https://www.facebook.com/ResilientHRSolutions,,,,
avob.org.au,"Richard McLaren Photography",https://www.richardmclarenphotography.photos/,https://assets-global.website-files.com/5f83a88d16bd793d14c12eff/64cc42e4f9339ab6127868ef_Richard%20McLaren%20Square.jpg,"Professional Services",Queensland,,,,,,,
avob.org.au,"Ridstar Holdings",https://risk-management.au/,https://assets-global.website-files.com/5f83a88d16bd793d14c12eff/63de6fc63e15fc132e3ae325_Ridstar%20Square.jpg,"Professional Services",Victoria,https://www.linkedin.com/in/tonyridley/,,,,,,
avob.org.au,"Ryno Fabrication Sheetmetal",http://www.rynofab.com.au/,https://assets-global.website-files.com/5f83a88d16bd793d14c12eff/602c128ccdc1a4da739e183b_Ryno%20Square.jpg,"Professional Services",Victoria,,https://www.instagram.com/ryno.fabrication/,https://www.facebook.com/RynoFab/,,,,
avob.org.au,SYNCORSWMS,https://syncorswms.com.au/,https://assets-global.website-files.com/5f83a88d16bd793d14c12eff/6544eae38ab76f2c089cd880_Sync%20Square.jpg,"Professional Services",Victoria,,https://www.instagram.com/syncorswms,https://www.facebook.com/syncorswms,,,,
avob.org.au,"SYPAQ Systems",https://www.sypaq.com.au/,https://assets-global.website-files.com/5f83a88d16bd793d14c12eff/621ec907f1046958c04c5e8d_Sypaq%20Square.jpg,"Professional Services",Victoria,https://www.linkedin.com/company/sypaq-systems/?viewAsMember=true,,,https://twitter.com/SYPAQ_Official,,,
avob.org.au,"Safeguard Transport Consultants",,https://assets-global.website-files.com/5f83a88d16bd793d14c12eff/5fae9fa0da22f929b52244a6_Safeguard%20Transport%20Consultants-01.jpg,"Professional Services",Queensland,,,https://www.facebook.com/SafegurdConsultants/,,,,
avob.org.au,"Salient Operations Group",https://www.salientoperationsgroup.com/,https://assets-global.website-files.com/5f83a88d16bd793d14c12eff/644bed7a60ff2349b58f9056_Salient%20Square.jpg,"Professional Services",International,https://www.linkedin.com/company/74759198/,https://www.instagram.com/salientoperationsgroup/,,,,,
avob.org.au,"Sayres Australia",https://www.sayresaustralia.com/,https://assets-global.website-files.com/5f83a88d16bd793d14c12eff/63168b4c224f658004fef333_Sayres%20Square.jpg,"Professional Services","Australian Capital Territory",https://www.linkedin.com/company/sayres-australia-pty-ltd/,,,,,,
avob.org.au,"Scarp Vantage Consulting",https://www.svconsulting.com.au/,https://assets-global.website-files.com/5f83a88d16bd793d14c12eff/65d28c86f16e091a68787a50_Scarp%20Square.jpg,"Professional Services","New South Wales",https://www.linkedin.com/company/scarp-vantage-consulting/,,,https://twitter.com/ScarpVantage,,,
avob.org.au,Sectara,https://sectara.com/,https://assets-global.website-files.com/5f83a88d16bd793d14c12eff/62465a5696a79915b8560086_Sectara%20Square.jpg,"Professional Services","New South Wales",,,,,,,
avob.org.au,"Security Consulting Group Pty Ltd",http://www.securityconsultinggroup.com.au/,https://assets-global.website-files.com/5f83a88d16bd793d14c12eff/5f87f82994d7025891c10942_security%20consulting.png,"Professional Services",Victoria,https://www.linkedin.com/company/security-consulting-group/,,,,,,
avob.org.au,"Site Security and Traffic Control",https://sstc.net.au/,https://assets-global.website-files.com/5f83a88d16bd793d14c12eff/6238bd5fd0495476fe6c8395_SSTC.jpg,"Professional Services","New South Wales",https://www.linkedin.com/company/site-security-traffic-control-pty-ltd/,https://www.instagram.com/sitesecurityandtrafficcontrol/,https://www.facebook.com/sstcptyltd/,,,,
avob.org.au,"Southport First Aid",http://www.southportfirstaid.com.au/,https://assets-global.website-files.com/5f83a88d16bd793d14c12eff/5f87f7f237ba0335ddc15445_Southport.png,"Professional Services",Queensland,,,https://www.facebook.com/southportfirstaid,,,,
avob.org.au,"Spearpoint Solutions &amp; Technology",https://www.spearpointtechnology.com.au/,https://assets-global.website-files.com/5f83a88d16bd793d14c12eff/65fa77a0a606e74ff1b2a26c_Spearpoint%20Square.jpg,Tactical,"New South Wales",,,https://www.facebook.com/profile.php?id=100063727096556,,,,
avob.org.au,"Spinifex Brewing Co.",https://www.spinifexbrewery.com.au/,https://assets-global.website-files.com/5f83a88d16bd793d14c12eff/5f87f7d0d1c1337e374780aa_Spinifex.png,"Food or Beverage","Western Australia",,,https://www.facebook.com/SpinifexBrewery/,https://twitter.com/adamsperth,,,
avob.org.au,"Springers Training Wheels",http://www.springerstrainingwheels.com/,https://assets-global.website-files.com/5f83a88d16bd793d14c12eff/5f87f7c55402615036915bf3_Springers.png,"Professional Services",Queensland,,https://www.instagram.com/springerstrainingwheels/,https://www.facebook.com/springerstrainingwheels/,https://twitter.com/springerstw,,,https://www.youtube.com/channel/UCc7d2sUW4XLOT-3-6ZW-cIQ
avob.org.au,"Stirling Power Solutions",,https://assets-global.website-files.com/5f83a88d16bd793d14c12eff/620db38289cb1ed10f1ede45_b93c84e5-f686-46be-a716-5689a219f25f.jpg,"Professional Services",Queensland,,https://www.instagram.com/stirlingpowersolutions/,https://www.facebook.com/stirlingpowersolutions,,,,
avob.org.au,"Stotan Group",http://www.stotangroup.com.au/,https://assets-global.website-files.com/5f83a88d16bd793d14c12eff/62ffee2e64ab9f3cbd21681f_Humans%20Square.jpg,"Professional Services",Victoria,https://www.linkedin.com/company/stotangroup/,,,,,,
avob.org.au,"Strategic Wildfire Operations",http://www.strategicwildfire.com.au/,https://assets-global.website-files.com/5f83a88d16bd793d14c12eff/63de6ff96c74e8a714528ae7_SWO%20Square.jpg,"Professional Services",Queensland,,,,,,,
avob.org.au,"Strategix Australia",https://www.strategixaustralia.com/,https://assets-global.website-files.com/5f83a88d16bd793d14c12eff/6544ee58e4e1c703111ce681_Stategix%20Square%20White.jpg,"Professional Services","New South Wales",https://www.linkedin.com/company/strategix-australia/about/,,,,,,
avob.org.au,"Summerland Health",https://summerlandhealth.com.au/,https://assets-global.website-files.com/5f83a88d16bd793d14c12eff/651069f13a2871f288b21a66_Summerland%20Square.jpg,"Health and Well-Being","New South Wales",,https://www.instagram.com/summerland_health/,https://www.facebook.com/summerlandhealthchiropractic/,,,,
avob.org.au,"Synergy Facility Services",https://synergyqld.com.au/,https://assets-global.website-files.com/5f83a88d16bd793d14c12eff/63d4600e175742bbf90e629f_Synergy%20Square.jpg,"Trades and Construction",Queensland,,,,,,,
avob.org.au,TACMUDKIT,https://tacmudkit.com.au/,https://assets-global.website-files.com/5f83a88d16bd793d14c12eff/63fd3019c6eba9d85859aaa0_Tacmudkit%20Square.jpg,Tactical,"New South Wales",,https://www.instagram.com/tacmudkit/,https://www.facebook.com/Tacmudkit/,https://twitter.com/tacmudkit,,,
avob.org.au,TEIGE,https://www.teige.com.au/,https://assets-global.website-files.com/5f83a88d16bd793d14c12eff/60ed9534df5419122b854797_Tiege%20Square.jpg,"Professional Services",Victoria,https://www.linkedin.com/company/teige/,,https://www.facebook.com/teige.com.au,https://twitter.com/teigeptyltd,,,
avob.org.au,TQCSI,https://www.tqcsi.com/,https://assets-global.website-files.com/5f83a88d16bd793d14c12eff/6262e28921f7d95634ff7e01_TQCSI%20Square.jpg,"Professional Services","South Australia",https://www.linkedin.com/company/tqcs-international/,,https://www.facebook.com/TQCS.International,,,,https://www.youtube.com/channel/UC-VkzxblER6FKbfubBCMEXA
avob.org.au,"TacFit Solutions",https://www.tacfitsolutions.com.au/,https://assets-global.website-files.com/5f83a88d16bd793d14c12eff/5f87f7b99fc4a620e0356ac8_tacfit.png,Fitness,"New South Wales",https://www.linkedin.com/in/leon-mcleod-80985b138/,https://www.instagram.com/tacfitsolutions/,https://www.facebook.com/TacfitSolution,,,,https://www.youtube.com/channel/UCSNrCL5OFY1ytsKGQC3XyaQ
avob.org.au,"Tacmed Australia",http://www.tacmedaustralia.com.au/,https://assets-global.website-files.com/5f83a88d16bd793d14c12eff/5f87f7ac8701da2905c2213d_tacmed.png,Tactical,"New South Wales",,http://instagram.com/tacmedaustralia,https://www.facebook.com/TacmedAustralia,https://twitter.com/TacmedAus,,,
avob.org.au,"Tempered Strength &amp; Conditioning",http://www.temperedsco.com.au/,https://assets-global.website-files.com/5f83a88d16bd793d14c12eff/5f87f787b156ab2a48357ed4_Tempered%20Strength.png,Fitness,Queensland,,https://www.instagram.com/temperedstrengthormeau/,https://www.facebook.com/pages/CrossFit-Tempered/267394000047380,,,,
avob.org.au,"The Cloud Men",https://www.thecloudmen.com/,https://assets-global.website-files.com/5f83a88d16bd793d14c12eff/64622c1f84be6d8ffd9f51ba_Cloud%20Square.jpg,"Professional Services","New South Wales",https://www.linkedin.com/company/thecloudmen/,,,,,,
avob.org.au,"The Environmental Review",https://www.the-environmental-review.com/,https://assets-global.website-files.com/5f83a88d16bd793d14c12eff/5f87f76e7a3a91edd0701970_The%20Environmental%20Review.png,"Professional Services","Western Australia",https://www.linkedin.com/company/the-environmental/,https://www.instagram.com/the_environmental_review/,https://www.facebook.com/theevironmentalreview,,,,
avob.org.au,"The Grind Reaper",,https://assets-global.website-files.com/5f83a88d16bd793d14c12eff/5f87f75471a5cd813ad392d0_the%20Grind.png,"Food or Beverage","Western Australia",,https://www.instagram.com/thegrindreaper1/,https://www.facebook.com/TheGrindReaper,,,,
avob.org.au,"The K9 Centre",https://www.k9centre.com/,https://assets-global.website-files.com/5f83a88d16bd793d14c12eff/5f87f743381022ef6e70287d_the%20K9.png,"Professional Services",Queensland,https://www.linkedin.com/in/martindominick,https://www.instagram.com/thek9centre/,https://www.facebook.com/TheK9CentreDogTrainersAustralia,,,,
avob.org.au,"The Rifleman&#x27;s Armoury",http://theriflemansarmoury.com.au/,https://assets-global.website-files.com/5f83a88d16bd793d14c12eff/5f87f7338701da3dd9c22052_the%20Rifleman.png,"Professional Services",Queensland,,,https://www.facebook.com/filmarmourer/?modal=admin_todo_tour,,,,
avob.org.au,"The Tumba Hotel",https://tumbarumbapub.com.au/,https://assets-global.website-files.com/5f83a88d16bd793d14c12eff/645b8616e324f2d10265e5c2_Tumba%20Square.jpg,"Food or Beverage","New South Wales",,,https://www.facebook.com/TumbarumbaHotel,,,,
avob.org.au,"The Whiskey Project Group",http://www.thewhiskeyprojectgroup.com.au/,https://assets-global.website-files.com/5f83a88d16bd793d14c12eff/609e95bedd9cfb3d2d8f61af_PRIMARY%20STACKED%20BRONZE%20FOIL.png,"Professional Services","New South Wales",,,,,,,
avob.org.au,"Think Medical Solutions",https://www.thinkmedicalsolutions.com.au/,https://assets-global.website-files.com/5f83a88d16bd793d14c12eff/5f87f71bca576562d00b31e4_Think%20Medical%20Solutions.png,"Professional Services",Queensland,https://www.linkedin.com/company/think-medical-solutions/,https://www.instagram.com/thinkmedicalsolutions/,https://www.facebook.com/ThinkMedicalSolutions/,,,,
avob.org.au,"Tiger International",,https://assets-global.website-files.com/5f83a88d16bd793d14c12eff/6358163fa3cd4d507d7411f0_Tiger%20copy.jpg,Tactical,"Australian Capital Territory",,,,,,,
avob.org.au,"Tirol Sports",https://www.tirolsports.com.au/,https://assets-global.website-files.com/5f83a88d16bd793d14c12eff/5f87f70dbc4a48d5f25c60d8_Tirol%20Sports.png,Travel,Victoria,,https://www.instagram.com/Tirol_Sports_Hotham/,https://www.facebook.com/TirolSportsHotham/,,,,
avob.org.au,"Topps Products Australia",https://www.toppsproducts.com.au/,https://assets-global.website-files.com/5f83a88d16bd793d14c12eff/600705811409bb7ede7ddd37_c332572e-8dbf-4813-adea-7c08dbe6f858.jpg,"Professional Services","South Australia",,,https://www.facebook.com/toppsproducts,,,,
avob.org.au,"TouchBoard Australia",,https://assets-global.website-files.com/5f83a88d16bd793d14c12eff/6475f04d490907b2e7de2f3d_TB%20Square.jpg,Tech,Queensland,,,,,,,
avob.org.au,"Tradie HQ",http://www.tradiehq.com.au/,https://assets-global.website-files.com/5f83a88d16bd793d14c12eff/6122621e2b9a834b27e3c030_THQ%20Square.jpg,"Professional Services","Western Australia",,https://www.instagram.com/tradiehq.wa,https://www.facebook.com/tradiehqwa,,,,
avob.org.au,TriHorizon,https://trihorizon.com.au/,https://assets-global.website-files.com/5f83a88d16bd793d14c12eff/65652c418bbcf8ece57171df_e19e39af-aa81-4e63-b216-9a59fee1ef69.jpg,"Professional Services","New South Wales",,,,,,,
avob.org.au,"Tropik Nutrition",https://tropiknutrition.com.au/,https://assets-global.website-files.com/5f83a88d16bd793d14c12eff/6038624d5605326c54019446_Tropik%20Square.jpg,"Food or Beverage",Queensland,,https://www.instagram.com/tropik.nutrition/,https://www.facebook.com/tropiknutrition,,,,
avob.org.au,"UBH Group",https://www.ubhgroup.com.au/,https://assets-global.website-files.com/5f83a88d16bd793d14c12eff/622ebcc5b7855d856586db08_UBH.png,"Professional Services",Queensland,https://www.linkedin.com/company/ubh-group/,,,,,,
avob.org.au,"Unearth Talent",http://www.unearthtalent.com.au/,https://assets-global.website-files.com/5f83a88d16bd793d14c12eff/6261ffeadd3422b1cb69c94f_Unearth.jpeg,"Professional Services","Australian Capital Territory",,,https://www.facebook.com/unearthtalent,,,,
avob.org.au,"Valour Security Services",http://www.valoursecurity.com.au/,https://assets-global.website-files.com/5f83a88d16bd793d14c12eff/63699dc5464976957c61a434_Valour%20Square.jpg,Tech,Queensland,,,,,,,
avob.org.au,"Valour Security Services",http://www.valoursecurity.com.au/,https://assets-global.website-files.com/5f83a88d16bd793d14c12eff/63699dc5464976957c61a434_Valour%20Square.jpg,"Professional Services",Queensland,,,,,,,
avob.org.au,"Van Cotter Partners",http://www.vcpg.com.au/,https://assets-global.website-files.com/5f83a88d16bd793d14c12eff/5f9f5b2c7d3d38698a62e762_VC%20Square.jpg,"Professional Services","New South Wales",,,https://www.facebook.com/vancotterpartners,,,,
avob.org.au,"Vantage Point Management",http://www.vantagepointmanagement.com.au/,https://assets-global.website-files.com/5f83a88d16bd793d14c12eff/5f87f6da067f4212a875a0d0_Vantage.png,"Professional Services","New South Wales",https://www.linkedin.com/in/markskrzypiec/,,,,,,
avob.org.au,Vergex,https://www.vergex.com.au/,https://assets-global.website-files.com/5f83a88d16bd793d14c12eff/617da5047bf1e617b04aa1e9_Vergex%20Square.jpg,"Professional Services",Queensland,,https://www.instagram.com/verg_ex/,https://www.facebook.com/vergex2021,https://twitter.com/Vergex5,,,
avob.org.au,"Veterans Grappling",,https://assets-global.website-files.com/5f83a88d16bd793d14c12eff/5f87f6d05402613148915472_Veteran.png,"Nonprofit Organisation or Charity","New South Wales",,https://www.instagram.com/veterangrappling/,https://www.facebook.com/veterangrappling,https://twitter.com/veterangrappli1,,,
avob.org.au,"Vita Nova Conveyancing",https://www.vitanova.com.au/,https://assets-global.website-files.com/5f83a88d16bd793d14c12eff/65d7445067859d6a36581408_Vita%20Square.jpg,"Professional Services","South Australia",,https://www.instagram.com/vitanovaconveyancing/,,,,,
avob.org.au,"Voltec Maintenance",https://www.voltecmaintenance.com.au/,https://assets-global.website-files.com/5f83a88d16bd793d14c12eff/637e7de857ce4752504f645f_Voltec%20Square.jpg,"Trades and Construction",Queensland,,https://www.instagram.com/voltecmaintenance/,https://www.facebook.com/voltecmaintenance,,,,
avob.org.au,"Wandering Warriors",http://www.wanderingwarriors.org/,https://assets-global.website-files.com/5f83a88d16bd793d14c12eff/5f87f6a7b78d9361939936e5_Wandering%20Warriors.png,"Nonprofit Organisation or Charity","All States",,,https://www.facebook.com/wanderingwarriors/,https://twitter.com/WanderingSAS,,,
avob.org.au,"Wheelie Hot Wood Canberra",https://wheeliehotwood-canberra.com.au/,https://assets-global.website-files.com/5f83a88d16bd793d14c12eff/64a3f28a38302cc89b289658_Wheelie%20Square.jpg,"Professional Services","Australian Capital Territory",,https://www.instagram.com/wheeliehotwoodcbr/,https://www.facebook.com/people/Wheelie-Hot-Wood-Canberra/100091770587299/,,,,
avob.org.au,Wilpah,,https://assets-global.website-files.com/5f83a88d16bd793d14c12eff/61af84ae1f0de30050b69ce4_Wilpah%20Square.jpg,"Professional Services",Victoria,,,,,,,
avob.org.au,"Wilsons Plumbing and Maintenance",,https://assets-global.website-files.com/5f83a88d16bd793d14c12eff/645fa84c3ed32356e6f69a63_Wilson%27s%20Square.jpg,"Trades and Construction",Tasmania,,,,,,,
avob.org.au,"Wings Public Relations",https://www.wingspr.com.au/,https://assets-global.website-files.com/5f83a88d16bd793d14c12eff/6228039dc30a9de960b1cae9_Wings_New_LOGO_Vert_POS_1.jpg,"Professional Services",Queensland,https://www.linkedin.com/company/wingspublicrelations/,https://www.instagram.com/wingspublicrelations/,https://www.facebook.com/wingspublicrelations,https://twitter.com/wings_pr,,,
avob.org.au,"Yanun Project Services",http://www.yanun.com.au/,https://assets-global.website-files.com/5f83a88d16bd793d14c12eff/6350942cb921aa58d0007d5c_Yanun%20Square.jpg,"Professional Services","Australian Capital Territory",https://www.linkedin.com/in/yanun2david/,,,,,,
avob.org.au,"Your Print Guys",http://yourprintguys.com.au/,https://assets-global.website-files.com/5f83a88d16bd793d14c12eff/6310cc6c5a753affd81ba65e_Your%20Print%20Guys.jpg,"Professional Services",Queensland,,https://www.instagram.com/shortstackau/,https://www.facebook.com/shortstackau,,,,
avob.org.au,"ZERODROP Australia",https://zerodrop.com.au/,https://assets-global.website-files.com/5f83a88d16bd793d14c12eff/659ec895568f852aa8cde170_Zerodrop%20Square.jpg,"Food or Beverage","New South Wales",,https://www.instagram.com/zerodrop.au/,,,,,
avob.org.au,"Zangold Pty Ltd",https://www.epequip.com/,https://assets-global.website-files.com/5f83a88d16bd793d14c12eff/5f87f655d1c13347c2477e6a_zangold.png,"Professional Services",Queensland,https://www.linkedin.com/company/explosive-protective-equipment,,https://www.facebook.com/ExplosiveProtectiveEquipment,https://twitter.com/epequip,,,https://www.youtube.com/user/epequip
avob.org.au,"Zilor Group",https://www.zilorgroup.com.au/,https://assets-global.website-files.com/5f83a88d16bd793d14c12eff/63699e6e8098559b5668cfd8_Zilor.png,"Professional Services","Australian Capital Territory",https://www.linkedin.com/company/zilorgroup/,,,,,,
avob.org.au,"Animal Control Experts",https://www.animalcontrolexperts.com.au/,https://assets-global.website-files.com/5f83a88d16bd793d14c12eff/6193220f43a7d120aa194c75_Ace%20Square.jpg,"Professional Services",Queensland,,,,,,,
avob.org.au,"Arc Professional Services",https://arcps.com.au/,https://assets-global.website-files.com/5f83a88d16bd793d14c12eff/637e7e51786d2ed14b8c48dd_Arc%20Square.jpg,"Professional Services","Australian Capital Territory",,,,,,,
avob.org.au,"Arresti VPN",https://arresti.com/,https://assets-global.website-files.com/5f83a88d16bd793d14c12eff/660beabab094e76088306fcc_Arresti.jpg,Tech,Queensland,https://www.linkedin.com/company/arresti/,https://www.instagram.com/arrestivpn/,https://www.facebook.com/arrestiVPN/,https://twitter.com/arrestivpn,,,
avob.org.au,"Ascent Professional Services",https://www.ascentps.com.au/,https://assets-global.website-files.com/5f83a88d16bd793d14c12eff/5f84001df4e71b5e500320b0_Ascent.png,"Professional Services","New South Wales",,,https://www.facebook.com/ascentprofessionalservices,https://twitter.com/Ascent_PS,,,
avob.org.au,"Assegai Solutions",https://www.assegaisolutions.com.au/,https://assets-global.website-files.com/5f83a88d16bd793d14c12eff/62ffef592bb162a5c821c439_210dcd07-7d23-439f-85b3-006178d3fc71.svg,"Professional Services","Australian Capital Territory",,,,,,,
avob.org.au,"Asset College",https://www.asset.edu.au/,https://assets-global.website-files.com/5f83a88d16bd793d14c12eff/6001c03f2e21dbb2e3ab63cf_Logo%20JPEG.jpg,"Professional Services","All States",https://www.linkedin.com/school/asset-training-australia/,,https://www.facebook.com/AssetCollege,https://twitter.com/asset_training,,,
avob.org.au,"Atm2go Rockhampton",https://www.atm2go.com.au,https://assets-global.website-files.com/5f83a88d16bd793d14c12eff/649373587268f4f24c603927_ATM%20Square.jpg,"Professional Services",Queensland,,https://www.instagram.com/atm2go_rockhampton/,https://www.facebook.com/ATM2GORockhampton/,,,,
avob.org.au,AusSTE,https://ausste.com.au/,https://assets-global.website-files.com/5f83a88d16bd793d14c12eff/620d999c466580b634323552_AusSTE_logo.png,"Professional Services",Queensland,https://www.linkedin.com/company/ausste/,,,,,,
avob.org.au,"Australian International Equipment Group",https://www.aiegroup.com.au/,https://assets-global.website-files.com/5f83a88d16bd793d14c12eff/6283cfdcf8395a03b0b3ccc0_127095144_101660838464684_2959035267185446406_n.jpeg,"Professional Services",Queensland,,https://www.instagram.com/aiegrouppl/,https://www.facebook.com/aiegrouppl,https://twitter.com/australian_ltd,,,
avob.org.au,"Australian Target Systems",http://www.atspl.com.au/,https://assets-global.website-files.com/5f83a88d16bd793d14c12eff/603456b082f5920531217a04_ATS%20Square.jpg,Tactical,"New South Wales",https://www.linkedin.com/company/australiantargetsystems/,https://www.instagram.com/australian_target_systems/,,,,,
avob.org.au,"Australian Training Institute",https://atiaustralia.edu.au/,https://assets-global.website-files.com/5f83a88d16bd793d14c12eff/660a864d8cf57b5085e4b0f2_ATI%20Square.jpg,"Professional Services","All States",https://www.linkedin.com/company/australian-training-institute-ati-pty-ltd/,https://www.instagram.com/atiaustralia/,https://www.facebook.com/ATI.Australia/,https://twitter.com/ATIAustralia,,,
avob.org.au,"Australian Veterans Advocacy and Consulting Services",https://www.avac-services.com/,https://assets-global.website-files.com/5f83a88d16bd793d14c12eff/633db173d2451b3110342918_AVAC%20Square.jpg,"Professional Services","Western Australia",,,https://www.facebook.com/AVACServices,,,,
avob.org.au,"Axon Property Group Pty Ltd",http://www.axonproperty.com.au/,https://assets-global.website-files.com/5f83a88d16bd793d14c12eff/5f8400a844a1f63ede76df6c_Axon%20Property%20Group%20Logo.png,"Professional Services","All States",https://www.linkedin.com/company-beta/18005571/?pathWildcard=18005571,,https://www.facebook.com/axonproperty/,https://twitter.com/AxonProperty,,,
avob.org.au,"Azguard Security",https://www.azguardsecurity.com.au/,https://assets-global.website-files.com/5f83a88d16bd793d14c12eff/63699e4ccd0c9dd1e44d9dba_Azguard%20Square.jpg,"Professional Services",Victoria,,,,,,,
avob.org.au,"BOUW Range and Training Area Subject Matter Experts",http://www.bouw.com.au/,https://assets-global.website-files.com/5f83a88d16bd793d14c12eff/64d29776da1dc86612702206_BOUW%20Square.jpg,"Professional Services",Queensland,https://www.linkedin.com/company/bouw-consulting/,https://www.instagram.com/BOUWConsulting/,https://www.facebook.com/BOUWConsultants/,,,,https://www.youtube.com/channel/UCG8nVwHQKcQffJlHGpa7dOQ
avob.org.au,"Bay Islands Security",https://bayislandssecurity.com/,https://assets-global.website-files.com/5f83a88d16bd793d14c12eff/5f87df3e2f748c5ca5d524bd_Bay%20Islands.png,"Professional Services",Queensland,,,,,,,
avob.org.au,"Bellco Homes",https://bellcohomes.net/,https://assets-global.website-files.com/5f83a88d16bd793d14c12eff/646d05370031630b7690e878_Bellco%20Square.jpg,"Trades and Construction","New South Wales",,,https://www.facebook.com/people/Bellco-Homes/100064098091237/,,,,
avob.org.au,"Biorg Pty Ltd",http://biorg.com.au/,https://assets-global.website-files.com/5f83a88d16bd793d14c12eff/612ba9f0daf31e2ceaaf1b2b_Biorg%20Square.jpg,"Professional Services","South Australia",https://www.linkedin.com/company/biorg-pty-ltd/,,,,,,
avob.org.au,"Blackthorne Group",,https://assets-global.website-files.com/5f83a88d16bd793d14c12eff/6566837aad1aff88eb193af1_Blackthorne%20Square.jpg,"Professional Services",Victoria,https://www.linkedin.com/company/blackthorne-group/,,,https://twitter.com/BGCoPtyLtd,,,
avob.org.au,Bluerydge,https://www.bluerydge.com/,https://assets-global.website-files.com/5f83a88d16bd793d14c12eff/5f87df81bbff7af2fa2cf2a0_Bluerydge.png,"Professional Services","Australian Capital Territory",https://www.linkedin.com/company/bluerydge,,,,,,
avob.org.au,BosTECK,https://bosteck.com.au/,https://assets-global.website-files.com/5f83a88d16bd793d14c12eff/5f87e126466eb521349ed985_BosTECK.png,"Professional Services",Queensland,https://www.linkedin.com/company/bosteck/,,,,,,
avob.org.au,"Brereton Advisory Pty Ltd",https://breretonadvisory.com.au/,https://assets-global.website-files.com/5f83a88d16bd793d14c12eff/635c04dd6e7c4d22d1badd0d_Brereton%20Square.jpg,"Professional Services","Australian Capital Territory",,,,,,,
avob.org.au,"Broken Hearts Barbershop",http://www.brokenheartsbarbershop.com.au/,https://assets-global.website-files.com/5f83a88d16bd793d14c12eff/6313e517fa2951bedf43bb55_BHB%20Square.jpg,"Health and Well-Being","New South Wales",,https://www.instagram.com/broken_hearts_barbershop/,https://www.facebook.com/brokenheartsbarbershop,,,,
avob.org.au,"Business Risk",http://businessrisk.com/,https://assets-global.website-files.com/5f83a88d16bd793d14c12eff/618f3241417aa6cef5766b73_Business%20Risk%20Square.jpg,"Professional Services","South Australia",https://www.linkedin.com/in/ian-stewart-705292184/,,,,,,
avob.org.au,Buzzworks,https://buzzworks.net.au/,https://assets-global.website-files.com/5f83a88d16bd793d14c12eff/62b7282de04cd201a90ff2da_Buzzworks.jpg,"Professional Services",Queensland,https://www.linkedin.com/company/buzzworks-pty-ltd/,,https://www.facebook.com/design.innovate.evolve,,,,
avob.org.au,"C3 Systems",http://www.c3systems.com.au/,https://assets-global.website-files.com/5f83a88d16bd793d14c12eff/62d768f590ac5d8e50e288da_C3%20Square.jpg,"Professional Services","Australian Capital Territory",,,,,,,
avob.org.au,"CIF Lawyers",http://www.cif.law/,https://assets-global.website-files.com/5f83a88d16bd793d14c12eff/62840649abf2da8360a5e6e1_CIF%20Square.jpg,Legal,Queensland,,,,,,,
avob.org.au,"CMD Services Group",http://oscar.comandari@cmdservices.com.au,https://assets-global.website-files.com/5f83a88d16bd793d14c12eff/636c2a9fc10bf4a1f3351cc8_CMD%20Square.jpg,"Trades and Construction","Australian Capital Territory",,,,,,,
avob.org.au,"Cardiac Mentors",https://www.cardiacmentors.com/,https://assets-global.website-files.com/5f83a88d16bd793d14c12eff/64121dedee88ee863d6ad706_Health%20Square.jpg,"Health and Well-Being",Queensland,,,https://www.facebook.com/people/Cardiac-Mentors/100090652593855/,,,,
avob.org.au,"Castle Solar",https://castlesolar.com.au/,https://assets-global.website-files.com/5f83a88d16bd793d14c12eff/646fe656c0fdf7f70e0fc5a9_Castle%20Square.jpg,"Trades and Construction",Tasmania,,https://www.instagram.com/castlesolar/,https://www.facebook.com/castlesolar,,,,
avob.org.au,Caulicooler,https://caulicooler.com/,https://assets-global.website-files.com/5f83a88d16bd793d14c12eff/65365f604e73ed13e8bf1d77_Caulicooler%20Square.jpg,"Sports and Recreation","Western Australia",,,https://www.facebook.com/caulicooler,http://www.twitter.com/caulicooler,,,
avob.org.au,"Clements Medical",https://www.clementsmedical.com.au/,https://assets-global.website-files.com/5f83a88d16bd793d14c12eff/65fa73f74081c18262bd7fe1_Clements%20Square.jpg,"Professional Services",Queensland,,,https://www.facebook.com/clementsmedicalgroup,,,,
avob.org.au,Coherics,https://www.coherics.com.au/,https://assets-global.website-files.com/5f83a88d16bd793d14c12eff/5fa9efb82d3cf673f02f96b4_Coherics%20Square.jpg,"Professional Services","South Australia",https://www.linkedin.com/company/coherics/,,,https://twitter.com/coherics,,,
avob.org.au,"Commando Steve",,https://assets-global.website-files.com/5f83a88d16bd793d14c12eff/5f87fde5c9a94eba371d4bdf_Commando-Steve.png,Fitness,"New South Wales",,http://instagram.com/commandosteve,https://www.facebook.com/pages/Commando-Steve/131654670216915?fref=ts,https://twitter.com/commandosteve,,,
avob.org.au,"Community Involvement Solutions",https://www.cisau.org.au/,https://assets-global.website-files.com/5f83a88d16bd793d14c12eff/5f87fe528701da34fbc2313c_Community%20Involvement%20Solutions.png,Apparel,Queensland,https://www.linkedin.com/company/communityinvolvementsolutions/,https://www.instagram.com/communityinvolvementsolutions/,https://www.facebook.com/CommunityInvolvementSolutions,https://twitter.com/CommunityInvo12,,,
avob.org.au,"Complete Business Online",https://www.cbo.me/,https://assets-global.website-files.com/5f83a88d16bd793d14c12eff/5ffe47a0629ee36c8dc91cd2_logo.png,"Professional Services","New South Wales",https://www.linkedin.com/company/complete-business-online/,https://www.instagram.com/cbo.me/,https://www.facebook.com/cbodigital,https://twitter.com/CompBusOnline,,,
avob.org.au,Connect3i,http://www.connect3i.com.au/,https://assets-global.website-files.com/5f83a88d16bd793d14c12eff/5f87fee14cfc115cced2721f_Connect3i.png,"Professional Services","Australian Capital Territory",,,,https://twitter.com/connect3i,,,
avob.org.au,"Conscia Pty Ltd",http://www.conscia.com.au/,https://assets-global.website-files.com/5f83a88d16bd793d14c12eff/5f87ff0e9aeb31e764f28aff_Conscia.png,"Professional Services","Australian Capital Territory",https://www.linkedin.com/company/conscia-pty-ltd/,,,,,,
avob.org.au,"Core Security Group",https://coresecurity.com.au/,https://assets-global.website-files.com/5f83a88d16bd793d14c12eff/60229db3e66af65a0b09f046_Core%20Square.jpg,"Professional Services","Western Australia",https://www.linkedin.com/company/core-security-group-pty-ltd/?viewAsMember=true,https://www.instagram.com/core_security_australia/,https://www.facebook.com/coresectraining/,,,,
avob.org.au,"Core Security Training",https://coresecurity.wa.edu.au/,https://assets-global.website-files.com/5f83a88d16bd793d14c12eff/6025e6f1abc98809b34dcf60_LOGO%20security%20training.jpg,"Professional Services","Western Australia",,https://www.instagram.com/core_security_training/,https://www.facebook.com/coresectraining/,,,,
avob.org.au,"Cryptic Conditioning",https://crypticconditioning.com.au/,https://assets-global.website-files.com/5f83a88d16bd793d14c12eff/659ec889400e79bbd3bd5d96_Cryptic%20Square.jpg,"Health and Well-Being",Victoria,,https://www.instagram.com/crypticconditioning/,,,,,
avob.org.au,"DAS Consulting Australia",https://www.dasconsulting.com.au/,https://assets-global.website-files.com/5f83a88d16bd793d14c12eff/63f3fc379113f52d0a41a010_DAS%20Square.jpg,"Professional Services",Tasmania,https://www.linkedin.com/company/das-consulting-australia/,,https://www.facebook.com/DASConsultingAU/,https://twitter.com/DASC_Aus,,,
avob.org.au,"DEWC Services",https://www.dewc.com/,https://assets-global.website-files.com/5f83a88d16bd793d14c12eff/652ed67eeaabe040862dad73_DEWC%20Square.jpg,"Professional Services","South Australia",,,,,,,https://www.youtube.com/@dewcservices
avob.org.au,"Defence Finance Pty Ltd",https://defencefinance.com.au/,https://assets-global.website-files.com/5f83a88d16bd793d14c12eff/5f87fcd516cb64c50abb28ab_Defence%20Finance.png,"Professional Services",Victoria,,,https://www.facebook.com/defencefinance/,,,,
avob.org.au,"Dive Repairs",http://www.diverepairs.com.au/,https://assets-global.website-files.com/5f83a88d16bd793d14c12eff/5f87fcc7ca576530840b3a3c_Dive-Repairs.png,"Professional Services",Queensland,,http://instagram.com/diverepairs,https://www.facebook.com/DiveRepairs,,,,
avob.org.au,DogBiznus,https://www.dogbiznus.com/,https://assets-global.website-files.com/5f83a88d16bd793d14c12eff/60abe7d96ce54e22f0995048_DB%20Square.jpg,Apparel,"Northern Territory",,https://www.instagram.com/dogbiznus/,https://www.facebook.com/Dogbiznus-103189165120582,,,,
avob.org.au,"ECLIPS Pty Ltd",https://eclips.engineering/,https://assets-global.website-files.com/5f83a88d16bd793d14c12eff/5f87fcbf9aeb311243f28219_Eclips.png,"Professional Services","Australian Capital Territory",https://www.linkedin.com/company/eclips-engineering/,https://www.instagram.com/eclips.engineering/,https://www.facebook.com/ECLIPS.engineering/,https://twitter.com/ECLIPS_Eng,,,
avob.org.au,"EJ Medical",http://www.ejmedical.com.au/,https://assets-global.website-files.com/5f83a88d16bd793d14c12eff/622ebcf21b57e315523f41a5_EJ.png,"Health and Well-Being","New South Wales",,https://www.instagram.com/ej_medical/,https://www.facebook.com/EJ-Medical-103433385582429,,,,
avob.org.au,"EPE Trusted to Protect",https://www.epequip.com,https://assets-global.website-files.com/5f83a88d16bd793d14c12eff/65ffc091c55a337cc3ea243d_EPE%20Square.jpg,Tactical,Queensland,https://www.linkedin.com/company/explosive-protective-equipment,,https://www.facebook.com/ExplosiveProtectiveEquipment,https://twitter.com/epequip,,,
avob.org.au,"EZE-FLOW Plumbing",http://www.eze-flowplumbing.com.au/,https://assets-global.website-files.com/5f83a88d16bd793d14c12eff/612900adc6f5af241cc67329_EZE%20Square.jpg,"Professional Services","New South Wales",,https://www.instagram.com/ezeflow_plumbing/,https://www.facebook.com/ezeflowplumbing/,,,,https://www.youtube.com/channel/UCBzfAapSakoLy4IkJuZ0ycw
avob.org.au,"Effective People",http://www.effectivepeople.com.au/,https://assets-global.website-files.com/5f83a88d16bd793d14c12eff/5f87fcb2d1c1330f5e47939e_Effective.png,"Professional Services","Australian Capital Territory",https://www.linkedin.com/company/effective-people-pty-ltd/,https://www.instagram.com/effectivepeople.com.au/,https://www.facebook.com/EffectivePeopleAU/,,,,
avob.org.au,Eltcon,https://eltcon.com.au/,https://assets-global.website-files.com/5f83a88d16bd793d14c12eff/64fb8556b0e81699db6c73c9_Elton%20Square.jpg,"Trades and Construction",Victoria,,https://www.instagram.com/eltcon/,https://www.facebook.com/people/Eltcon/100091061341508/,,,,
avob.org.au,"Emergency Australia",http://www.emergencyaustralia.com.au/,https://assets-global.website-files.com/5f83a88d16bd793d14c12eff/5f87fca4d1c1337db6479371_Emergency-Australia.png,"Professional Services","New South Wales",http://au.linkedin.com/pub/sean-o-loughlin/50/583/8b,,https://www.facebook.com/emergencyaustralia,,,,
avob.org.au,"Empire Executive Protection",https://www.empireprotection.com.au/,https://assets-global.website-files.com/5f83a88d16bd793d14c12eff/5f87fc9b3810226fd9702fe6_Empire%20executive.png,"Professional Services","Australian Capital Territory",,,https://www.facebook.com/empireprotectionptyltd/,,,,
avob.org.au,"Empowered Learning",http://www.empoweredlearning.com/,https://assets-global.website-files.com/5f83a88d16bd793d14c12eff/6475f061d475add9d1942515_Empowered%20Square.jpg,Tech,Queensland,,,,,,,
avob.org.au,"Envy Aesthetics",http://www.envyaesthetics.com.au/,https://assets-global.website-files.com/5f83a88d16bd793d14c12eff/6414934cd473bf7bc41f9dba_Envy%20Square.jpg,"Health and Well-Being",Queensland,,,https://www.facebook.com/envyaestheticsnorthlakes,,,,
avob.org.au,"Etch Me",https://www.etchme.com.au/,https://assets-global.website-files.com/5f83a88d16bd793d14c12eff/62ffeef856dcc8ab976db2ba_EM%20Square.jpg,"Professional Services",Tasmania,,https://www.instagram.com/etchmeau/,https://www.facebook.com/EtchMeAU,https://twitter.com/etchmeau,,,https://www.youtube.com/channel/UCkASj4GkaNc5AdItPhdt34g
avob.org.au,"Eva&#x27;s Ridge Enterprises",https://evasridgeenterprises.com.au/,https://assets-global.website-files.com/5f83a88d16bd793d14c12eff/64189538e31552dcede3e225_Eva%27s%20Ridge%20Square.jpg,"Professional Services","New South Wales",,,,,,,
avob.org.au,"Exas Group",https://www.exasgroup.com.au/,https://assets-global.website-files.com/5f83a88d16bd793d14c12eff/6604f111518f13a481f2d727_3171dc5a-3f6a-429e-8256-e216fc090396.png,Tactical,"Western Australia",,,,,,,
avob.org.au,"Executive Risk Solutions",http://www.executiverisksolutions.com.au/,https://assets-global.website-files.com/5f83a88d16bd793d14c12eff/5f87fc88b78d93adb49942e1_Executive%20Risk%20Solutions.png,"Professional Services","Western Australia",https://www.linkedin.com/company/executive-risk-solutions,,,https://twitter.com/ERS_Aus,,,https://www.youtube.com/channel/UCFLDV3Dvfy5mD0TWqRgehvw
avob.org.au,"Extra Specialists",https://www.extraspecialists.com,https://assets-global.website-files.com/5f83a88d16bd793d14c12eff/617da4c5539d0e326729181e_Extra%20Specialists%20Square.jpg,"Professional Services",Queensland,,https://www.instagram.com/extra_specialists/,https://www.facebook.com/extraspecialists,,,,
avob.org.au,Firevolt,http://www.firevolt.com.au,https://assets-global.website-files.com/5f83a88d16bd793d14c12eff/648318bc4b3ef854fef4b238_Firevolt%20Square.jpg,"Professional Services",Queensland,https://www.linkedin.com/company/firevolt/,https://www.instagram.com/firevolt._,https://www.facebook.com/people/Firevolt/100086488210335/,,,,
avob.org.au,"First Strike Consultancy",,https://assets-global.website-files.com/5f83a88d16bd793d14c12eff/5f87fc6f3e66df743e64c125_First%20Strike.png,Tactical,"Western Australia",,https://www.instagram.com/first_strike_consultancy/,https://www.facebook.com/firststrikeconsultancy,,,,
avob.org.au,"GSDN Tech Programs",https://www.gsdntp.com.au/,https://assets-global.website-files.com/5f83a88d16bd793d14c12eff/64a675e4178a5c380200ef67_GSDN%20Square.jpg,"Professional Services",Victoria,https://www.linkedin.com/company/gsdn-tech-programs/,,,,,,
avob.org.au,"Gascoyne Gateway",http://www.gascoynegateway.com.au/,https://assets-global.website-files.com/5f83a88d16bd793d14c12eff/5f87fc5a1d743500fddcef5b_Gascoyne%20Gateway.png,"Professional Services","Western Australia",https://www.linkedin.com/company/gascoyne-gateway-limited/,,,https://twitter.com/GascoyneGateway,,,
avob.org.au,"Gateway Synergy Recruitment",https://gatewaysynergy.com.au/,https://assets-global.website-files.com/5f83a88d16bd793d14c12eff/62964d87a05443ef62255db7_Gateway%20Square.jpg,"Professional Services","New South Wales",https://www.linkedin.com/company/gateway-synergy-recruitment-pty-ltd/?viewAsMember=true,https://www.instagram.com/gatewaysynergyrecruitment/,https://www.facebook.com/GATEWAYSYNERGYRECRUITMENT,,,,
avob.org.au,"Gavin Humphries Physiotherapy",https://www.gavinhumphries.com.au,https://assets-global.website-files.com/5f83a88d16bd793d14c12eff/631bd0e53380cd62f898dafc_GH%20Square.jpg,"Health and Well-Being",Victoria,,,,,,,
avob.org.au,"Get Commando Fit",http://www.getcommandofit.com.au/,https://assets-global.website-files.com/5f83a88d16bd793d14c12eff/5f87fc4cce5ac9bfda548e92_Get-Commando-Fit.png,Fitness,"New South Wales",,http://instagram.com/getcommandofit,https://www.facebook.com/getcommandofit,https://twitter.com/getcommandofit,,,
avob.org.au,"Graveyard Designs",https://www.graveyarddesigns.com/,https://assets-global.website-files.com/5f83a88d16bd793d14c12eff/628694f237aef724300a734b_070e9d86-d884-4326-8a77-e65fa413db1e.png,Apparel,Victoria,,https://www.instagram.com/thisisgraveyarddesigns/,https://www.facebook.com/Graveyarddesigns/,,,,
avob.org.au,Gripe,,https://assets-global.website-files.com/5f83a88d16bd793d14c12eff/5f87fc32c5f12f4a2504bbd3_Gripe.png,"Professional Services",Queensland,,,,,,,
avob.org.au,"Gripfast Consulting",https://gripfastprojects.com.au/,https://assets-global.website-files.com/5f83a88d16bd793d14c12eff/639f83261b8203e7c438d85d_Gripfast.jpg,"Professional Services",Queensland,,,,,,,
avob.org.au,Guardio,https://www.guardio.com.au/,https://assets-global.website-files.com/5f83a88d16bd793d14c12eff/629fdb141a9b2c13913f2775_Guardio.jpg,"Professional Services","New South Wales",,,,,,,
avob.org.au,"HRSG Australasia",,https://assets-global.website-files.com/5f83a88d16bd793d14c12eff/636fa87656aa463a415c533a_HRSG%20Square.jpg,"Professional Services","Northern Territory",https://www.linkedin.com/company/highrisksecuritygroup,,,,,,
avob.org.au,"Harris Stability Systems",http://www.harrisstabilitysystems.com.au/,https://assets-global.website-files.com/5f83a88d16bd793d14c12eff/5f87fc2516cb646779bb27d8_Harris%20stability.png,Fitness,Queensland,,http://www.instagram.com/harrisstabilitysystems,https://www.facebook.com/harrisstabilitysystem?fref=ts,http://www.twitter.com/harrisstability,,,
avob.org.au,"Harwin Research and Developments",https://www.harwin.com.au/,https://assets-global.website-files.com/5f83a88d16bd793d14c12eff/5f87fc1bb4b18344b2a0a40c_Harwin.png,"Professional Services",Victoria,,,,,,,
avob.org.au,"Hebron Films",https://hebronfilms.com/,https://assets-global.website-files.com/5f83a88d16bd793d14c12eff/65fa753a0cef4dd486308ef0_Hebron%20Square.jpg,"Professional Services",Victoria,,https://www.instagram.com/hebronfilms,https://www.facebook.com/HebronFilms/,,,,https://www.youtube.com/HebronFilms
avob.org.au,"Holan Group",https://www.holan.com.au/,https://assets-global.website-files.com/5f83a88d16bd793d14c12eff/60dcf649d8b822dc00a34f31_Holan%20Square.jpg,"Professional Services","Australian Capital Territory",,,,,,,
avob.org.au,"HomeFront Australia",https://www.homefrontaustralia.com.au/services/dva-household-services/,https://assets-global.website-files.com/5f83a88d16bd793d14c12eff/6146389ab1de9c6da63ff44d_Home%20Front%20Square.jpg,"Health and Well-Being","New South Wales",https://www.linkedin.com/company/homefront-australia/,https://www.instagram.com/homefrontaustralia/,https://www.facebook.com/HomeFrontAustralia/,,,,https://www.youtube.com/channel/UCiTOn5T9tmSZQP-0C3tRLZg
avob.org.au,Hoplite,https://hoplite.au/,https://assets-global.website-files.com/5f83a88d16bd793d14c12eff/635815b006c1002797f73f09_Hoplite%20Square.jpg,"Professional Services","Australian Capital Territory",,https://www.instagram.com/hoplitementor/,https://www.facebook.com/HopliteMentor,https://twitter.com/Hoplite04250699,,,
avob.org.au,Horsell,https://www.horsell.com.au/,https://assets-global.website-files.com/5f83a88d16bd793d14c12eff/5f87fbf8bc4a486de85c6b47_Horsell.png,"Professional Services",Victoria,https://www.linkedin.com/company/horsell-consulting/,,http://www.facebook.com/horsellconsulting,https://twitter.com/jobsathorsell,,,
avob.org.au,"Human Engineered",http://www.humanengineered.com.au/,https://assets-global.website-files.com/5f83a88d16bd793d14c12eff/65df5a1688338a5b164629f8_Human%20Square.jpg,"Professional Services",Queensland,,,,,,,
avob.org.au,"Human Quotient Group",,https://assets-global.website-files.com/5f83a88d16bd793d14c12eff/652ed69d73f5635373276dc1_HQ%20Square.jpg,"Professional Services","Australian Capital Territory",,,,,,,
avob.org.au,"Impact Firearms Training",http://www.impactfirearmstraining.com.au/,https://assets-global.website-files.com/5f83a88d16bd793d14c12eff/5f87fbec1d7435884ddceebf_Impact%20firearms.png,"Professional Services","All States",https://www.linkedin.com/company/imperium-engineering/about/,,https://www.facebook.com/ImpactFirearmsTrainingAustralia/,,,,
avob.org.au,"Imperium Engineering Pty Ltd",https://www.imperiumeng.com.au/,https://assets-global.website-files.com/5f83a88d16bd793d14c12eff/5f87fbe1466eb56dc69f4a60_Imperium%20engineering.png,"Professional Services","Western Australia",,,,,,,
avob.org.au,Indigitech,http://www.indigitech.com.au/,https://assets-global.website-files.com/5f83a88d16bd793d14c12eff/646fe66f84734b9b851e23f7_Indigitech%20Square.jpg,Tech,Queensland,,,,,,,
avob.org.au,"Industrial Fitness",https://industrialfitness.com.au/,https://assets-global.website-files.com/5f83a88d16bd793d14c12eff/5f87fbd720eddf851ebb5d93_Industrial%20Fitness.png,Fitness,Queensland,,https://www.instagram.com/industrial.fitness/,https://www.facebook.com/industrialfitnessactual/?,,,,
avob.org.au,"Industry Risk",https://industryrisk.com.au/,https://assets-global.website-files.com/5f83a88d16bd793d14c12eff/6246592349d6edd01ea71149_Industry%20Risk%20Square.jpg,"Professional Services","New South Wales",https://www.linkedin.com/company/industry-risk/,,,https://twitter.com/IndustryRisk,,,
avob.org.au,"Integrated Training and Documentation",https://www.itad.com.au/,https://assets-global.website-files.com/5f83a88d16bd793d14c12eff/5f87fbbe5fa6eb0bb36aa4f3_integrated%20training.png,"Professional Services",Queensland,https://www.linkedin.com/in/dave-newdick-6261016/,,,,,,
avob.org.au,"Intrinsic Safety",https://intrinsicsafety.com.au/,https://assets-global.website-files.com/5f83a88d16bd793d14c12eff/65d28d2fbdd2cb588e4e229b_Instrinsic%20Square.jpg,"Professional Services","New South Wales",https://www.linkedin.com/company/intrinsic-safety-training/,https://www.instagram.com/intrinsicsafetytraining/,https://www.facebook.com/intrinsicsafetytraining/,,,,
avob.org.au,"Ironside Resources",https://www.ironsideresources.com.au,https://assets-global.website-files.com/5f83a88d16bd793d14c12eff/615c4ba620251a9aeb9b634f_Ironside%20Resourses.jpg,"Professional Services",Victoria,https://www.linkedin.com/company/ironside-resources/,,https://www.facebook.com/Ironside.Resources,,,,
avob.org.au,"JDR Electrical Contractor",,https://assets-global.website-files.com/5f83a88d16bd793d14c12eff/610ab3320ea1e7820d12dc9a_JDR%20Square.jpg,"Professional Services",Queensland,,,,,,,
avob.org.au,"JKG Global Group",http://www.jkg.com.au/,https://assets-global.website-files.com/5f83a88d16bd793d14c12eff/5f87fb744729d8f883bde083_jkg%20global%20group.png,"Professional Services","New South Wales",,,,,,,
avob.org.au,"JRobertson Photography",https://dronesforhire.com.au/drone-operator/5210/JRobertson%20Photography,https://assets-global.website-files.com/5f83a88d16bd793d14c12eff/62b72682f6407b57cfcfac5b_JR%20Square.jpg,"Professional Services","Australian Capital Territory",,,,,,,
avob.org.au,"JSC Property Investments",https://jscpropertyinvestments.com.au/,https://assets-global.website-files.com/5f83a88d16bd793d14c12eff/65a311e897e17b611ecc5303_JSC%20Square.jpg,"Professional Services",Queensland,,https://www.instagram.com/jscpropertyinvestments/,https://www.facebook.com/profile.php?id=100092251659449,,,,https://www.youtube.com/channel/UCGPPPJQ2nbgNoVFoOuqJxkQ
avob.org.au,"JY Australia",https://jyaustralia.com.au/,,"Professional Services",Queensland,https://www.linkedin.com/company/jlb-yaran/,,,,,,
avob.org.au,JYHQ,http://www.jyhq.com.au/,https://assets-global.website-files.com/5f83a88d16bd793d14c12eff/6557bffbc0eceda7017dc525_JYHQ%20Square.jpg,"Professional Services",Victoria,,,,,,,
avob.org.au,"Jade Financial Group",http://www.jadefg.com.au/,https://assets-global.website-files.com/5f83a88d16bd793d14c12eff/5f87fb88b4b1832df8a0a198_jade.png,"Professional Services",Queensland,https://www.linkedin.com/company/jade-financial-group,,https://www.facebook.com/JadeFinancialGroup/,https://twitter.com/Jade_FG,,,
avob.org.au,"Jericho Australia",https://jerichoaustralia.com/,https://assets-global.website-files.com/5f83a88d16bd793d14c12eff/60abe860605c901b14b31aaf_Jericho%20Square.jpg,"Professional Services",Queensland,,https://www.instagram.com/jerichoaustralia_/,https://www.facebook.com/jerichoaustralia,,,,
avob.org.au,"Jungle Joe&#x27;s",https://www.junglejoe.com.au/,https://assets-global.website-files.com/5f83a88d16bd793d14c12eff/62dab53b8f35c58b23025f84_JJ%20Square.jpg,"Health and Well-Being","Australian Capital Territory",,,https://www.facebook.com/junglejoemix,,,,
avob.org.au,"K9 Territory",http://www.k9territory.com.au/,https://assets-global.website-files.com/5f83a88d16bd793d14c12eff/65ae5b2959457ca19ead6ece_K9%20Square.jpg,"Professional Services","South Australia",,https://www.instagram.com/k9t_the_handler,,,,,
avob.org.au,Kailash,http://www.kailash.co/,https://assets-global.website-files.com/5f83a88d16bd793d14c12eff/62b5b1ec6466c80941a54d5e_Kailash%20Square.jpg,"Health and Well-Being",Victoria,,https://www.instagram.com/kailashcollective/,https://www.facebook.com/KailashGrampians,,,,https://www.youtube.com/channel/UCwTKVQzxdGgmyoTYj9TY6UQ
avob.org.au,"Kalliso | Home of PEM",https://kalliso.com/,https://assets-global.website-files.com/5f83a88d16bd793d14c12eff/660a8615837f4c671ec7eac7_Kalliso%20Square.jpg,"Health and Well-Being","All States",,,,,,,
avob.org.au,"Kasic &amp; Associates",,https://assets-global.website-files.com/5f83a88d16bd793d14c12eff/6415c1bb6a1503e8cb1c0503_Kasic%20All%20Red.jpg,"Professional Services",Queensland,,,,,,,
avob.org.au,"Ken Newton Consulting",https://www.kennmc.com.au,https://assets-global.website-files.com/5f83a88d16bd793d14c12eff/6524720dc47644f9c24127e9_KN%20Square.jpg,"Professional Services",Queensland,https://www.linkedin.com/company/kennmc/,,https://www.facebook.com/kennmc.com.au,,,,
avob.org.au,"Keyland Air Services",http://www.sbair.com.au/,https://assets-global.website-files.com/5f83a88d16bd793d14c12eff/5f87fb455402611ca5916594_Keyland%20air%20services.png,"Professional Services",Queensland,,,https://www.facebook.com/KeylandAir/,,,,
avob.org.au,"Kinexus Defence Services",https://www.kinexus.com.au/,https://assets-global.website-files.com/5f83a88d16bd793d14c12eff/5f87fb39219ca42bcc8a5bdb_Kinexus.png,"Professional Services","New South Wales",https://www.linkedin.com/company/kinexus-australia/,https://www.instagram.com/kinexus_au/,,,,,
avob.org.au,"LRM Fire &amp; Rescue",https://www.lrmfireandrescue.com.au/,https://assets-global.website-files.com/5f83a88d16bd793d14c12eff/63d92e0e81f6db3d9569d35d_LRM%20Square.jpg,"Professional Services",Queensland,,,https://www.facebook.com/lrmfireandrescue,,,,
avob.org.au,"Larapinta Trail Trek Support",https://www.larapintatrailtreksupport.com.au/,https://assets-global.website-files.com/5f83a88d16bd793d14c12eff/5f87fb2ab4b1835697a0a0ae_larapinta.png,"Professional Services","Northern Territory",,https://www.instagram.com/larapintatrailtreksupport/,https://www.facebook.com/larapintatrailtreksupport/,,,,
avob.org.au,"Lawforce Alpha",https://www.lawforcealpha.com/,https://assets-global.website-files.com/5f83a88d16bd793d14c12eff/63699e12b222c08701f8d52c_Lawforce%20Alpha.jpg,Legal,"New South Wales",https://www.linkedin.com/company/lawforce-alpha/,,,,,,
avob.org.au,"Learning &amp; Development Solutions",http://www.ldsolutions.com.au/,https://assets-global.website-files.com/5f83a88d16bd793d14c12eff/5f87fb1f71a5cd66c7d39f68_learning-development-solutions.png,"Professional Services","New South Wales",,https://instagram.com/lds_aus/,https://www.facebook.com/LDSolutions,https://twitter.com/lds_aus,,,
avob.org.au,"Life International Training",https://lifeint.com.au/,https://assets-global.website-files.com/5f83a88d16bd793d14c12eff/65ae5bda3742d01317df670b_Life%20International%20Square.jpg,"Professional Services",Queensland,https://www.linkedin.com/company/lifeinternationaltraining/,,https://www.facebook.com/LifeInternationalTraining,,,,
avob.org.au,"Lifetime Care Disability Services",http://www.lifetimecaredisability.com.au/,https://assets-global.website-files.com/5f83a88d16bd793d14c12eff/640b33fc48803bd1310fc9f0_LIfetime%20Square.jpg,"Professional Services","New South Wales",,https://www.instagram.com/lifetime_care_disability_/,https://www.facebook.com/people/Lifetime-Care-Disability-Services/100090097904727/?mibextid=LQQJ4d,,,,
avob.org.au,"Limitless Movement",https://limitlessmovement.co/,https://assets-global.website-files.com/5f83a88d16bd793d14c12eff/60e0be8a15706b4a6a8c69a8_Limitless%20Square.jpg,"Professional Services",Queensland,,https://www.instagram.com/limitlessmovement_aus/,https://www.facebook.com/limitlessmovementaus,,,,https://www.youtube.com/channel/UCpwm_aC1dYST7I4t_W7N33A
avob.org.au,"Limitless Performance Centre",http://limitlessperformancecentre.com.au/,https://assets-global.website-files.com/5f83a88d16bd793d14c12eff/615701dc520d33cfa2fa0d15_InShot_20210926_225317430.jpg,Fitness,Queensland,,https://www.instagram.com/limitlessperformance_aus/,https://www.facebook.com/limitlessperformanceaus,,,,
avob.org.au,"Lockforce Consultancy",http://www.lockforce.com.au/,https://assets-global.website-files.com/5f83a88d16bd793d14c12eff/5f87fb09ff20a9f02e0427c0_Lockforce%20consultancy.png,"Professional Services","Western Australia",,,,,,,https://www.youtube.com/watch?v=h62rKqtiC_0
avob.org.au,"M&amp;R Solutions",https://mandrsolutions.com.au/,https://assets-global.website-files.com/5f83a88d16bd793d14c12eff/5f87fa24219ca46bdc8a567b_MR%20solutions.png,"Professional Services","Western Australia",https://www.linkedin.com/company/m-r-solutions-pty-ltd/,,,,,,
avob.org.au,"MARS Maritime",http://www.marsmaritime.com.au/,https://assets-global.website-files.com/5f83a88d16bd793d14c12eff/60b95102a5407d58ce2ec1a1_MARS%20Square.jpg,"Professional Services","New South Wales",,https://www.instagram.com/marsmaritime/,https://www.facebook.com/MARSmaritimeAustralia/,,,,
avob.org.au,"Macarthur Real Estate Agency",https://www.macarthurrealestate.com.au/,https://assets-global.website-files.com/5f83a88d16bd793d14c12eff/6146384f44a835208dd80c5d_Macarthur%20Square.jpg,"Professional Services","New South Wales",https://www.linkedin.com/company/macarthurrealestate/,https://www.instagram.com/macarthurrealestate/,https://www.facebook.com/macarthurrealestate/,,,,
avob.org.au,"Macleay Valley Hub",https://macleayvalleyhub.com.au/,https://assets-global.website-files.com/5f83a88d16bd793d14c12eff/60404a173ee10d18ecdd42bb_Macleay%20Valley%20Square.jpg,"Professional Services","New South Wales",,https://www.instagram.com/macleayvalleyhub/,https://www.facebook.com/macleayvalleyhub,https://twitter.com/MacleayHub,,,
avob.org.au,"Major Training Services",http://www.majortraining.com.au/,https://assets-global.website-files.com/5f83a88d16bd793d14c12eff/645b8700a9bab44d976cfe35_MTS%20Square.jpg,"Professional Services","New South Wales",https://www.linkedin.com/company/majortraining/,,https://www.facebook.com/majortraining/,,,,
avob.org.au,"Marcel Pacific",https://marcelpacific.com/,https://assets-global.website-files.com/5f83a88d16bd793d14c12eff/645fa803154231df36ec904f_Marcel%20Pacific%20Square.jpg,Tech,"Western Australia",,,,,,,
avob.org.au,Masot,,https://assets-global.website-files.com/5f83a88d16bd793d14c12eff/654f9fddfc89538afee9e1cd_Masot%20Square.jpg,"Trades and Construction",Queensland,,,,,,,
avob.org.au,"Me and Me Brew",https://meandmebrew.com.au/,https://assets-global.website-files.com/5f83a88d16bd793d14c12eff/654a78d2a9b96c98784b9b7b_Meandmebrew%20Square.jpg,"Food or Beverage","Australian Capital Territory",,https://www.instagram.com/meandmebrew/,https://www.facebook.com/MeAndMeBrew/,,,,
avob.org.au,"Military Grade Transport",,https://assets-global.website-files.com/5f83a88d16bd793d14c12eff/64121e27cfccad4e985203fe_MGT%20Square.jpg,"Trades and Construction","New South Wales",,,,,,,
avob.org.au,"Milligan Group",http://www.milligangroup.com.au/,https://assets-global.website-files.com/5f83a88d16bd793d14c12eff/5f87fa8720eddf966ebb5c42_milligan-group.png,"Professional Services","New South Wales",,,,,,,
avob.org.au,"Mindfulnest Australia",https://www.mindfulnestaustralia.com.au/,https://assets-global.website-files.com/5f83a88d16bd793d14c12eff/634835bc50e98b7f0f6ddbe8_f7407401-1647-4bc6-b1b2-2a95a956eecb.png,"Health and Well-Being","Northern Territory",,https://www.instagram.com/mindfulnest_australia/,,,,,
avob.org.au,MobileLock,https://www.mobilelock.com.au/,https://assets-global.website-files.com/5f83a88d16bd793d14c12eff/5f87fa70d1c1338ed4478fac_Mobile%20Lock.png,"Professional Services",Queensland,,,https://www.facebook.com/locksmithgordonvalecairnsedmontonhome/,,,,
avob.org.au,"Monaro Air Conditioning &amp; Refrigeration",,https://assets-global.website-files.com/5f83a88d16bd793d14c12eff/656e452a45980bf7c555460d_Monaro%20Square.jpg,"Trades and Construction","New South Wales",,,,,,,
avob.org.au,"Montane Protective Security",https://www.montaneps.com.au/,https://assets-global.website-files.com/5f83a88d16bd793d14c12eff/5f87fa58bc0d53c53546733b_montane%20protective%20security.png,"Professional Services","New South Wales",https://www.linkedin.com/company/integersec,https://www.instagram.com/montaneps/,,https://twitter.com/MontanePS,,,
avob.org.au,"Mortgage Choice Glebe",https://www.mortgagechoice.com.au/james.slattery/,https://assets-global.website-files.com/5f83a88d16bd793d14c12eff/5f87f9f120eddf4ba3bb5b9a_Mortgage%20Choice.png,"Professional Services","New South Wales",,,,,,,
avob.org.au,"Mortgage Choice Pip Need",https://www.mortgagechoice.com.au/pip.need/,https://assets-global.website-files.com/5f83a88d16bd793d14c12eff/64127d24c2eb5f6653b0cab8_bfa9d45b-22b6-4777-b7e7-8ba9dea39d57.png,"Professional Services",Queensland,,https://www.instagram.com/mortgagechoicepipneed/,https://www.facebook.com/MortgageChoicePipNeed,,,,
avob.org.au,"Motorcycle Rider Training Australia",https://www.motorcycleridertrainingaustralia.com.au/,https://assets-global.website-files.com/5f83a88d16bd793d14c12eff/631bcb09919f6ec98daa5116_MRTA%20Square.jpg,"Sports and Recreation",Queensland,,https://www.instagram.com/motorcycle_rider_training_aus/,https://www.facebook.com/MotorcycleRiderTrainingAustralia,,,,
avob.org.au,"Mountain Monk Brewers",https://www.mountainmonkbrewers.com.au/,https://assets-global.website-files.com/5f83a88d16bd793d14c12eff/6489ae7153884270e9dbbd6e_MM%20Square.jpg,"Food or Beverage",Victoria,,https://www.instagram.com/mountainmonkbrewers/,https://www.facebook.com/mountainmonkbrewers/,,,,
avob.org.au,"Murray Consulting Solutions",https://www.murrayconsultingsolutions.com/,https://assets-global.website-files.com/5f83a88d16bd793d14c12eff/5f87f9e0ce5ac961db548bc7_Murray.png,"Professional Services","New South Wales",,https://www.instagram.com/murrayconsulting/,https://www.facebook.com/murrayconsultingsolutions/,,,,
avob.org.au,MyndFit,http://www.myndfit.com.au/,https://assets-global.website-files.com/5f83a88d16bd793d14c12eff/5f87f9d5abf1e0356f33bbc3_myndfit_.png,"Professional Services",Victoria,,https://www.instagram.com/myndfitprogram/,https://www.facebook.com/myndfitprogram,,,,
avob.org.au,"NINOX Consulting",http://ninoxconsulting.com.au/,https://assets-global.website-files.com/5f83a88d16bd793d14c12eff/63f3fdcaffa3a30c4f04a7e7_Ninox%20Square.jpg,"Professional Services","New South Wales",http://linkedin.com/in/dpgbyrnes,,,,,,
avob.org.au,"Nathan Laing",https://www.njlaing.com/,https://assets-global.website-files.com/5f83a88d16bd793d14c12eff/5f87f9c63dadb20d5f934ed5_nathan%20laing.png,"Professional Services",Queensland,,https://www.instagram.com/laing_at_law/,https://www.facebook.com/njlaingbarrister/,,,,
avob.org.au,"Nautical Systems",http://nauticalsystems.com.au/,https://assets-global.website-files.com/5f83a88d16bd793d14c12eff/64daac8647b1cae1868ca8c2_Nautical%20Systems.jpg,"Professional Services","New South Wales",https://www.linkedin.com/company/nautical-systems/,,,,,,
avob.org.au,"Neptune Electrical",https://netnt.com.au/services/,https://assets-global.website-files.com/5f83a88d16bd793d14c12eff/64a67f37e683d779c901eea4_139a7689-68e7-4d9e-8f7e-2f67ad2a176e.PNG,"Trades and Construction","Northern Territory",,,https://www.facebook.com/p/Neptune-Electrical-Technology-100063708272137/,,,,
avob.org.au,"Neptune NT",https://www.neptunent.com/,https://assets-global.website-files.com/5f83a88d16bd793d14c12eff/5f87f9bb4cfc11bc37d267b0_Neptune.png,"Professional Services","Northern Territory",,,https://www.facebook.com/NeptuneNTSec/,,,,
avob.org.au,"Next Peak",https://www.nextpeak.com.au/,https://assets-global.website-files.com/5f83a88d16bd793d14c12eff/6233e560807a22811c8abe01_Next%20Peak%20Square.jpg,"Professional Services","New South Wales",,,,,,,
avob.org.au,"North Coast Photography",,https://assets-global.website-files.com/5f83a88d16bd793d14c12eff/610ab409c1bc244f359c991a_North%20Coast%20Photography%20Square.jpg,"Professional Services","New South Wales",,https://www.instagram.com/cambo2901/,https://www.facebook.com/Cambo2901,,,,
avob.org.au,"Northern Maritime &amp; Industrial Services",http://www.nmis.com.au/,https://assets-global.website-files.com/5f83a88d16bd793d14c12eff/6262e2b4d94ece614effaf6b_NMIS%20Square.jpg,"Professional Services","Northern Territory",,,https://www.facebook.com/nmis.com.au,https://twitter.com/NMISAUSTRALIA,,,
avob.org.au,"Numb Skulled",https://www.numbskulled.com/,https://assets-global.website-files.com/5f83a88d16bd793d14c12eff/612261d7d8c25274576ecc2a_Numb%20Skulled%20Square.jpg,"Health and Well-Being","New South Wales",,https://www.instagram.com/_numb_skulled/,https://www.facebook.com/numbskulled/,,,,
avob.org.au,"OCRT Trading",https://www.ocrt.com.au/,https://assets-global.website-files.com/5f83a88d16bd793d14c12eff/628d033fb7043160b6d6e6b0_OCRT%20Square.jpg,"Professional Services","Australian Capital Territory",https://www.linkedin.com/company/ocrt/,,,,,,
avob.org.au,OTHRSIDE,,https://assets-global.website-files.com/5f83a88d16bd793d14c12eff/657c5f231f9548418910714a_OTHRSIDE%20Square.jpg,Fitness,"New South Wales",,,https://www.facebook.com/othrside/,,,,
avob.org.au,"On Track Meals",https://ontrackmeals.com/,https://assets-global.website-files.com/5f83a88d16bd793d14c12eff/61956ea602914dc6c42e6256_On%20Track%20Square.jpg,"Food or Beverage",Queensland,,https://www.instagram.com/on_track_meals/,https://www.facebook.com/ontrackmealsaustralia/,,,,
avob.org.au,"One Man One Hose Pressure Washing",,https://assets-global.website-files.com/5f83a88d16bd793d14c12eff/62d9627daaa5d83601d85dbc_e01ca432-318b-45bd-8c5f-7a31e3b8a0d6.jpeg,"Trades and Construction","Australian Capital Territory",,,,,,,
avob.org.au,"Orbost Club Hotel",http://orbostclubhotel.com.au/,https://assets-global.website-files.com/5f83a88d16bd793d14c12eff/5f87f992f52d30e496d86579_orbost.png,"Food or Beverage",Victoria,,,http://www.facebook.com/OrbostClubHotel/,,,,
avob.org.au,Ordinem,https://ordinem.com.au/,https://assets-global.website-files.com/5f83a88d16bd793d14c12eff/63dd20fb502f82e69a7c5758_Ordinem%20Square.jpg,"Professional Services","Australian Capital Territory",https://www.linkedin.com/company/ordinemau/,,,,,,
avob.org.au,"Origin Project Management",http://www.originpm.com.au,https://assets-global.website-files.com/5f83a88d16bd793d14c12eff/5f87f9895402616dc4916012_Origin.png,"Professional Services","Western Australia",,,,,,,
avob.org.au,"Overwatch Fitness",http://www.overwatchfitness.com.au/,https://assets-global.website-files.com/5f83a88d16bd793d14c12eff/6064f8554fa7bc82155b05c1_Overwatch%20Square.jpg,Fitness,Queensland,,https://www.instagram.com/overwatchfitness_/,https://www.facebook.com/overwatchfitness,,,,
avob.org.au,"Oz Airports",https://ozairports.com.au/,https://assets-global.website-files.com/5f83a88d16bd793d14c12eff/615f5e4dc8bdfa5a5bb6178c_Oz%20Airports%20Square.jpg,"Professional Services","South Australia",,,,,,,
avob.org.au,"PD Mining Consultants",https://pdminingconsultants.com.au/,https://assets-global.website-files.com/5f83a88d16bd793d14c12eff/64149385d473bf37291fe1d7_PD%20Consultants%20Square.jpg,"Professional Services",Queensland,https://www.linkedin.com/company/pd-mining-consultants/,,,,,,
avob.org.au,"Paratus Training",http://www.paratus.edu.au/,https://assets-global.website-files.com/5f83a88d16bd793d14c12eff/62e87ec6a5e2c82e3c8d20e2_Paratus%20Square.jpg,"Professional Services","Western Australia",https://www.linkedin.com/company/paratus-training-pty-ltd-rto-45274/,,https://www.facebook.com/Paratus-Training-Pty-Ltd-RTO-45274-104946172025726,,,,
avob.org.au,"Parish Business Services",http://www.parishbusinessservices.com/,https://assets-global.website-files.com/5f83a88d16bd793d14c12eff/5f87f959abf1e0104d33bae6_parish.png,"Professional Services","Western Australia",,,https://www.facebook.com/ParishBusinessServices,https://twitter.com/parishbusser,,,
avob.org.au,"Park Master Pty Ltd",http://tom@parkmasteroz.com.au,https://assets-global.website-files.com/5f83a88d16bd793d14c12eff/5f87f925d8a7dd8f8f485fe0_Park%20Master%20Square.png,"Professional Services","New South Wales",,,,,,,
avob.org.au,"PayMe Australia Pty Ltd",http://www.payme.com.au/,https://assets-global.website-files.com/5f83a88d16bd793d14c12eff/5f87f916219ca401148a4d9c_PayMe.png,"Professional Services","Australian Capital Territory",https://www.linkedin.com/company/2247174/admin/,,https://www.facebook.com/PayMeAustralia,,,,
avob.org.au,"Phoenix Resilience",https://phoenixresilience.com/,https://assets-global.website-files.com/5f83a88d16bd793d14c12eff/5f87f8f8d1c1337737478156_Phoenix.png,"Professional Services",Queensland,https://www.linkedin.com/company/phoenix-resilience/,https://www.instagram.com/phoenixresilience/,https://www.facebook.com/YourPhoenixResilience,,,,
avob.org.au,"Powerwave Solutions",,https://assets-global.website-files.com/5f83a88d16bd793d14c12eff/654d6f201abf8fac343f46d6_Powerwave%20Square.jpg,"Trades and Construction",Victoria,,,,,,,
